student_name,mentor_id,student_grad_year
Brittany Scott,1,2008
Abigail Townsend,2,2007
Laura Kent,3,2004
James Love,4,2012
John Walker,5,2015
Ashley Lawson,6,2010
Angelica Tucker,7,2011
Emily Hampton,8,2012
Chelsea Jordan,9,2017
Zachary Curtis,10,2009
Curtis Johnson,11,2020
Michael Garza,12,2009
Mr. Johnny Jones,13,2002
Misty Perkins,14,2016
Mr. Paul Stevens MD,15,2020
Jacob Mitchell,16,2014
Sarah Williams,17,2003
Ryan Petty,18,2001
Nicholas Villa,19,2011
Jessica Flowers,20,2011
Matthew Conner,21,2008
Steven Cooper,22,2002
Dr. Cindy Norton,23,2019
Chelsea Padilla,24,2013
Larry Nguyen,25,2001
Gary Blake,26,2008
Joshua Howell,27,2004
Stephanie Wilson,28,2008
Wyatt Hopkins,29,2004
Joel Hartman,30,2017
Paul Davidson,31,2012
Sean Crosby,32,2020
Shannon Vasquez,33,2016
Jennifer Pearson,34,2011
Joseph Waller,35,2005
Tyler Warner,36,2015
Tina Finley,37,2020
Jason Hernandez,38,2013
Dustin Flores,39,2009
Donald Henry,40,2013
Tara Watkins,41,2016
Natasha Freeman,42,2014
Susan Hansen,43,2005
Jared Cox,44,2002
Kristin Reid,45,2004
Heather Goodman,46,2018
Marisa Jordan,47,2011
Paula Roberts,48,2019
Steven Stephens,49,2020
Danielle Jarvis,50,2018
Kristopher Ingram,51,2013
Jaclyn Adams,52,2004
Lisa Lee,53,2014
Jeffrey Hopkins,54,2010
Shirley Day,55,2011
Sara Kline,56,2009
Evelyn James,57,2010
Alexandra Cameron,58,2010
Dr. Stephen White MD,59,2006
Tracy Crawford,60,2006
Ashley Stevens,61,2018
Rodney Frank,62,2001
Jamie Lucas,63,2003
Joseph Lewis,64,2012
Mark Kramer DDS,65,2008
Joyce Willis,66,2018
Alicia Howard,67,2019
Lauren Perkins,68,2005
Melissa Bartlett,69,2005
Donna Smith,70,2014
Brandon Cook,71,2003
Jesus Taylor,72,2019
James Oneill,73,2014
Steven Jones,74,2017
Joan Reed,75,2002
Isaac Porter,76,2018
Jenna Johnson,77,2016
Ashley Aguilar,78,2013
Amanda Freeman,79,2008
Whitney Haney,80,2014
Nathaniel Franklin,81,2003
Mark Stark,82,2005
Jeffrey Green,83,2002
Jessica Hernandez,84,2016
Kathleen Nicholson,85,2001
Paul Smith,86,2017
Kyle Ruiz,87,2005
Jacqueline Williams,88,2002
Rhonda Greene,89,2015
Teresa Brewer,90,2002
Jerry Cross,91,2012
Patty Gamble,92,2011
Joshua Carlson,93,2019
Mark Mitchell,94,2005
Katherine Spencer,95,2002
Jeffrey Cooley,96,2015
Tiffany Stewart,97,2016
Justin Robinson,98,2008
Randy Stephens,99,2013
Brianna Perkins,100,2011
Michael Frost,101,2002
Katie Turner,102,2020
Brendan Smith,103,2011
Taylor Jones,104,2010
Jesse Chase,105,2014
Jacob Hensley,106,2001
Paige Foster,107,2012
Jennifer Johnson,108,2007
Patricia Christian,109,2015
Kevin Flynn,110,2018
Shelly Jones DDS,111,2006
Lindsey Collins,112,2017
Carlos Mack,113,2012
Joshua Weaver,114,2000
Charles Hanna,115,2017
James Gonzalez,116,2006
Joseph Mendoza,117,2015
Matthew Parker,118,2015
Samuel Vargas,119,2012
Daniel Walker,120,2019
Mark Smith,121,2020
Richard Mendez,122,2008
Jacqueline Fuller,123,2002
Brady Good,124,2004
John Copeland,125,2001
Steven Bryant,126,2005
John Carter,127,2018
Brandon Robinson,128,2007
Jason Gonzalez,129,2002
George Castro,130,2014
William Solis,131,2018
Joshua Lee,132,2014
Dr. Elizabeth Erickson,133,2008
Jason Jenkins,134,2011
Kristi Cox,135,2018
Courtney Davis,136,2004
Tonya Merritt,137,2012
Valerie Combs,138,2004
Edward Stevens,139,2013
Kenneth Cohen,140,2003
Jeremy Hunter,141,2003
Jessica Zuniga,142,2011
Ashlee Henderson,143,2003
Samuel Gomez,144,2015
Edwin Bradford,145,2006
Brandon Cline,146,2004
Mary Myers,147,2014
Pamela Black,148,2003
Anthony Grant,149,2015
Judy Nguyen,150,2009
Darlene Burnett,151,2005
Michael Kennedy,152,2001
Kari Rodriguez,153,2006
Michael Hoffman,154,2015
Brittany Walter,155,2014
Michelle Nichols,156,2006
Michael Phillips,157,2010
Bryan Woods,158,2013
Julia Kelly,159,2019
Peter Burke,160,2011
Rachel Martin,161,2006
Lisa Wiley,162,2011
Sara Cameron,163,2008
Justin Cook,164,2018
Dawn Tapia,165,2010
Jordan Carrillo,166,2018
Kristen Mcconnell,167,2000
Nicole Thomas,168,2006
Luis Espinoza,169,2004
Alexander Douglas,170,2020
Lee Padilla,171,2000
Jamie Hall,172,2001
Barbara Garcia,173,2002
Kirsten Adams,174,2006
Nathaniel Anderson DVM,175,2010
Elizabeth Ortega,176,2017
Gary Macias,177,2014
Christopher Rogers,178,2010
Melissa Ross,179,2015
Sandy Patterson,180,2000
Roy Kline,181,2002
Kathryn Rivera,182,2006
Beverly Vasquez,183,2018
Glen Hill,184,2008
Rachel Carpenter,185,2003
Sophia Taylor,186,2003
Paul Baker,187,2000
Nancy Wilcox,188,2018
Jesus Taylor,189,2014
Zachary Douglas,190,2015
Amanda Hughes,191,2015
Dakota Rivera,192,2005
Gary Harding,193,2018
David Banks,194,2017
Walter Sexton,195,2002
Christopher Lopez,196,2000
David Patel,197,2010
Danny Johnson,198,2009
Virginia Gonzalez,199,2003
Alan Harris,200,2002
Peggy Cox,201,2020
Jeffrey Cobb,202,2013
Corey Sparks,203,2000
Daniel Long,204,2007
Julia Sherman,205,2002
Mitchell Rodriguez,206,2005
Tracy Hopkins,207,2001
Benjamin King,208,2020
Lindsey Sweeney,209,2001
Raven Clark,210,2020
Joshua Mejia,211,2011
Joe Gibbs,212,2012
Jeffrey Rubio,213,2009
Jon Moss,214,2011
Cody Johnson,215,2008
Stephanie Mckee,216,2019
Amber Dennis,217,2019
Tyrone Skinner,218,2019
Ronald Gutierrez,219,2020
Kevin Johnson,220,2018
Molly Larson,221,2017
Timothy Torres,222,2019
Mark Allen,223,2011
Mario Walker,224,2000
Daniel Cameron,225,2014
Amy Harrison,226,2003
Mario Obrien,227,2000
Jason Hutchinson,228,2012
Timothy Shelton,229,2016
Jared Mcdonald,230,2004
Patrick Powell,231,2012
Kelly Williams,232,2012
Pamela Hobbs,233,2018
Brian Mullins,234,2005
Robert Anderson,235,2002
Mark Hutchinson,236,2003
Maria Luna,237,2007
Ashley Rodriguez,238,2010
Andrew Martin,239,2001
Monica Fleming,240,2010
Jennifer Lambert,241,2004
Michelle Lambert,242,2003
Randy Price,243,2003
Diana Cline DDS,244,2017
Jane Brown,245,2014
Jill Perez,246,2009
Vickie Rich,247,2008
Carolyn Schultz,248,2017
Julie Pierce,249,2020
Catherine Smith,250,2013
Terrence Garcia,251,2011
Douglas Robinson,252,2004
Jacob Shelton,253,2020
Philip Lee,254,2008
Matthew Weiss,1,2012
Victor Hall,2,2017
Eddie Khan,3,2010
Lisa Dalton,4,2000
Hayden Ramirez,5,2009
Christopher Francis,6,2015
Cheryl Fields,7,2016
Andrew Day,8,2011
Jeremiah Newton,9,2005
Tommy Simpson,10,2013
John Mccall,11,2006
Barbara Gonzalez,12,2001
Katie Mitchell,13,2007
John Ortega,14,2017
Mr. Martin Ford,15,2012
Stephanie Hardy,16,2014
Joshua White,17,2007
Christina Brown,18,2002
Emily Shields,19,2013
Devin Williams,20,2014
Tina Reynolds,21,2011
Alex Sullivan,22,2000
Nicholas Tucker,23,2007
Rodney Lowery,24,2014
Leslie Mccann,25,2014
Victor Arroyo,26,2007
Yvonne Hernandez,27,2009
Anthony Aguilar,28,2020
Melanie Murillo,29,2014
Michael Norman,30,2003
Seth Meyer,31,2016
Kristopher Fernandez,32,2016
Wendy Lee,33,2010
Paul Scott,34,2012
Rebecca Nunez,35,2009
Michelle Stevens,36,2004
Billy Thomas,37,2003
Brent Thompson,38,2011
Shannon Gibson,39,2005
Melissa Nguyen,40,2002
Robert Garcia,41,2001
Brandon Webster,42,2007
John Huber,43,2015
Paul Hawkins,44,2020
Gary Clark,45,2013
Nicole Bryan,46,2013
Heather Jackson,47,2015
Victoria Larson,48,2003
Brandi Warner,49,2019
Jason Taylor,50,2001
Kylie Walter,51,2017
Crystal Brown,52,2007
Amy Weaver,53,2006
Christine Cooper,54,2004
Heather Rodriguez,55,2015
Allen Hernandez,56,2002
Cheryl Kelly,57,2009
Tammy Bryant,58,2008
James Henry,59,2000
Tracy Castillo,60,2002
Deborah Middleton,61,2007
Michael Griffith,62,2014
Sarah Thomas,63,2010
Jennifer Edwards,64,2011
Mark Smith,65,2006
Donna Barrett,66,2015
Matthew King,67,2007
April Russo,68,2005
Christine Shah PhD,69,2012
Jose Shaw,70,2012
David Scott,71,2003
Jonathan Snyder,72,2013
John Kerr,73,2014
Jamie Johnson,74,2016
Jessica Allen,75,2014
Jesus Martinez,76,2015
Tammy Miller,77,2012
Donald Hutchinson,78,2013
Mario Adkins,79,2017
Michael Ellis,80,2009
Kenneth Johnston,81,2018
Dylan Roberts,82,2015
Colleen Anderson,83,2001
Donald Nash,84,2002
Timothy Duncan,85,2012
James Winters,86,2020
Jamie Jackson,87,2004
Lucas Hahn,88,2003
Derrick Johnson,89,2020
Corey Gonzales,90,2010
Jodi Valentine PhD,91,2004
Meagan Rodriguez,92,2006
Kathryn Stone,93,2010
David Taylor,94,2020
Tamara Franco,95,2003
Kevin Clark,96,2019
Eric Watts,97,2014
Nancy Thomas,98,2015
Sarah Powell,99,2012
David Mccormick,100,2007
Curtis Tanner,101,2020
Mr. David Lewis,102,2013
Phillip Elliott,103,2015
Dustin Hancock,104,2019
Erika Jones,105,2016
Audrey Kane,106,2020
Ashley Robinson,107,2018
Jeffrey Singh,108,2008
Joanna Robles,109,2016
Amanda Hanson,110,2010
Brian Webster,111,2001
Christopher Powers,112,2014
Christopher Guerrero,113,2009
William Wilkins,114,2011
Shawn Reese,115,2003
Maria Shields,116,2011
Darryl Simmons,117,2015
Cheryl Martin,118,2018
Steve Knox,119,2015
Steven Berg,120,2001
Jake Crawford,121,2019
Emily Fuentes,122,2000
Jessica Tran,123,2016
Diane Rowe,124,2006
Darin Stone,125,2013
Dr. Christy Kirby,126,2003
Steven Bass,127,2010
Jeremiah Reyes,128,2009
Roberto Bailey,129,2020
Dr. Terri Day MD,130,2003
Daniel Woods,131,2008
Patricia Gross,132,2002
Mark Esparza,133,2009
Louis Myers,134,2013
Steven Greene,135,2001
David Dickson,136,2010
Austin King,137,2014
Cody Stephens,138,2006
Jennifer Williams,139,2003
Mark Daniels,140,2002
Tyler Trujillo,141,2000
Angela Holland,142,2019
Jeffery Stephens,143,2005
Amy Bradley,144,2003
Chad Ortiz,145,2020
Daniel Spears,146,2008
Stephen Patterson,147,2001
Shelly Patton,148,2001
Rebecca Fritz,149,2000
Aaron Mcdowell,150,2013
Travis Roberts,151,2007
Larry Rios,152,2018
William Willis,153,2016
Janice Watson,154,2006
Jill Webb,155,2018
Hunter Blake,156,2004
Seth White,157,2019
Brittany Jones,158,2000
Robert Peters,159,2005
Kenneth Larson,160,2002
Michael Vargas,161,2006
Kristin Davis,162,2002
Katherine Golden,163,2007
Sean Norton,164,2000
Brad Carter,165,2020
Bryan Thomas,166,2020
Mark Mendoza,167,2005
Eric Nelson,168,2008
Debra Wade,169,2000
Debra Brown,170,2006
Nicholas Castillo,171,2006
Kayla Ramirez,172,2010
Amber Castillo,173,2019
Misty Whitehead,174,2008
Allison Watts,175,2007
Stephen Saunders,176,2010
Christopher Warner,177,2016
Michelle Tran,178,2015
Pamela Glenn,179,2012
Cassandra Mclean,180,2017
Michelle Hinton,181,2003
Jacob Parks,182,2009
Nichole Robinson,183,2003
Megan Owens,184,2009
Christopher Acevedo,185,2001
Autumn Oliver,186,2004
Edward Bailey,187,2020
Grant Kerr,188,2013
Brent Moss,189,2010
Rachel Parrish,190,2004
Jennifer Cooper,191,2018
Paul Sullivan,192,2018
Terri Mayer,193,2009
Mary Fitzgerald,194,2010
Angela Russell,195,2003
Thomas Young,196,2012
Kyle Alvarez,197,2015
Kim Bradley,198,2017
Kimberly Carpenter,199,2018
Kenneth Campos,200,2010
Joseph Stewart,201,2009
Ashley Boyd,202,2017
Evan Henderson,203,2005
Jonathan Lawson,204,2011
Lori Guerrero,205,2017
Cheryl Ryan,206,2001
Joshua Gutierrez,207,2015
Michael Wallace,208,2008
Jason Nielsen,209,2004
Michael Ramos,210,2008
Ronald Peterson,211,2018
Ashley Quinn,212,2001
Bryan Simpson,213,2012
Kelly Park,214,2019
Patty Joyce,215,2000
Linda Torres,216,2008
Stephanie Ellis,217,2016
Gregory Davis,218,2013
Ashley Scott,219,2011
Brian Smith,220,2005
Samuel Gilbert,221,2016
Diane Williams,222,2003
Evan Mitchell,223,2016
Crystal Gonzales,224,2010
Jason Brown,225,2016
Craig Patton,226,2017
Thomas Roberts,227,2007
Kayla Wilson,228,2013
Taylor Perez,229,2016
Erin Williams,230,2013
Angela Jones,231,2016
Mark Cain,232,2003
Debra Reed,233,2004
Erica Lopez,234,2020
Molly Hoover,235,2002
Amanda West,236,2020
Christine Williamson,237,2016
Carol Reyes,238,2017
Angela Gonzalez,239,2010
Jennifer Chan,240,2018
Kimberly Hill,241,2007
Jennifer Smith,242,2005
Susan Martin,243,2013
Stuart Underwood,244,2004
Kristen Clark,245,2017
Lauren Gutierrez,246,2012
Rodney Solomon,247,2020
Michael Anderson,248,2001
Richard Lewis,249,2010
Lauren Velez,250,2001
Erika Nunez,251,2003
Tammy Glover,252,2016
Amy Bell,253,2013
Andrea Jones,254,2016
Heather Webb,1,2016
Shawn Coleman,2,2012
Calvin Patrick,3,2017
Betty Cohen,4,2001
Shawn Bruce,5,2004
Corey Rocha,6,2009
Gregory Olson,7,2014
Michael Young,8,2012
Philip Foster PhD,9,2018
James Nolan,10,2010
Samantha Beltran,11,2006
Brian Valentine,12,2001
Cody Smith,13,2001
Christina Price,14,2018
Mark Garza,15,2000
Annette Thompson,16,2011
Emily Mcdaniel,17,2008
Stacey Bryan,18,2013
Joshua Terry,19,2003
Michael Anderson,20,2002
Dustin Francis,21,2009
Elizabeth Lewis,22,2016
Jeffery Watson,23,2016
Ashley Tran,24,2020
Eric Hunt,25,2001
Michael Murphy,26,2017
Derek Dawson,27,2020
Sarah Garcia,28,2000
Phillip Lucero,29,2002
Aaron Barrett,30,2020
Timothy Wall,31,2003
Dawn Orozco MD,32,2019
Crystal Moore,33,2004
Steven Smith,34,2015
Lisa Nelson,35,2012
Steven Green,36,2000
Pamela Wade,37,2008
Amber Krueger,38,2010
Mrs. Dawn Ramirez MD,39,2008
Richard James,40,2006
Ashley Sanchez,41,2018
Jennifer Barber,42,2006
Kimberly Glenn,43,2010
Jaclyn Sanchez,44,2012
Jason Bell DDS,45,2011
Edward Contreras,46,2014
John Schultz,47,2018
Robert Brooks,48,2018
Kimberly West,49,2013
Robert Bowers,50,2003
Larry Ray,51,2011
Lisa Morgan,52,2009
Richard Shaw,53,2014
Gail Chandler,54,2020
Michael Garcia,55,2020
Patricia Blair,56,2011
Susan Walker,57,2001
Alicia Haynes,58,2002
Ann Rivera,59,2014
Charles Leon,60,2017
Steven Graham,61,2011
Kimberly Luna,62,2010
Miranda Harvey,63,2001
Benjamin Johnson,64,2006
Anthony Hamilton,65,2012
Sabrina Sanchez,66,2001
Sandra Morris,67,2020
Adam Mendoza,68,2001
Angela Smith,69,2013
Virginia Stephens,70,2014
Brian Scott,71,2007
Erin Cohen,72,2002
Melissa Rowe,73,2007
Amanda Long,74,2013
Daniel Olsen,75,2012
Nancy Parker,76,2005
Stacy Green,77,2012
Jane Ferguson,78,2012
Michael Steele,79,2003
Alexandra Clark,80,2010
Timothy Campbell,81,2014
Brian Hardy,82,2017
Linda Hughes,83,2003
Alyssa Flowers,84,2018
James Hicks,85,2019
Paul Baldwin,86,2020
Samuel Davis,87,2015
Nicole Tran,88,2015
Brianna Woodward,89,2010
Ryan Vasquez,90,2020
Scott Hunter,91,2018
Frank Garrett,92,2020
Jasmine Morgan,93,2016
Claudia Santos,94,2011
Robin Foley,95,2002
Nicholas Harmon,96,2018
Angela Carter,97,2019
Jermaine Myers,98,2018
Anita Atkins,99,2015
Craig King,100,2007
Adam Stephens,101,2020
Jordan Aguilar,102,2020
Samantha Rogers,103,2019
Jacob Huerta,104,2008
Melanie Jones,105,2013
Eric Mercer,106,2002
Amber Day,107,2007
Sandra Butler,108,2016
Carla Beard,109,2010
Sydney Johnson,110,2011
Jennifer Mathis,111,2002
Miguel Ingram,112,2002
Juan Schultz,113,2002
Charles Stevens,114,2003
Michael Brown,115,2013
Steven Bishop,116,2007
Cindy Allen,117,2004
Todd Bradford,118,2017
Christopher Patel,119,2018
Richard Gomez,120,2000
Mia Baker,121,2014
Shannon Mann,122,2019
Michael Patterson,123,2018
Edward Ruiz,124,2014
David Randolph,125,2018
Joel Norman,126,2008
Melissa Cross,127,2001
Brianna Walker,128,2001
Chris Moran,129,2007
Casey Johnson,130,2016
Paul Baldwin,131,2001
Robert Collins,132,2004
Alexandria Logan,133,2011
Nathaniel Walker,134,2008
Danielle Wright,135,2016
Dr. Samantha Diaz,136,2004
Lawrence Smith,137,2003
Kathryn Phillips,138,2018
Jordan Palmer,139,2010
Monica Peck,140,2010
Gabrielle Evans,141,2000
Joshua Williams,142,2000
Elizabeth Martin,143,2009
Charles Miller,144,2020
Kelly Ware,145,2005
Michele Norris,146,2010
Dustin Hester,147,2000
Christopher Lynch,148,2017
Charles Allison,149,2005
Allison Gonzalez,150,2015
Emily Graham,151,2015
Nichole Young,152,2019
Doris Avila,153,2006
Elizabeth James,154,2011
Terry Stewart,155,2016
Theresa Jones,156,2010
David Aguilar,157,2014
Sara Jackson,158,2007
Stacey Davis,159,2000
Amanda Richards,160,2002
Steven Morales,161,2001
Anthony Gonzalez,162,2011
Kevin Peters,163,2003
Travis Franklin,164,2000
Donna Bradley,165,2002
Billy Haynes,166,2017
Mary Thomas,167,2016
Curtis Wilson,168,2015
Steven Franklin,169,2002
Todd Wilson,170,2008
Timothy Dudley,171,2004
Brittany Jones,172,2018
Charles Zimmerman,173,2017
Seth Miranda,174,2020
Linda Taylor,175,2011
Patrick Francis,176,2010
Mrs. Karen Skinner,177,2007
Tony Becker,178,2020
Marcus Castillo,179,2016
Anna Guzman,180,2000
James Smith,181,2013
Stacy Chavez,182,2002
Mrs. Sarah Wilson DDS,183,2011
Vanessa Riddle,184,2008
Marilyn Chen,185,2019
Michael Mcbride,186,2012
Alexandra Weaver,187,2014
Kristin Melendez,188,2006
Desiree Jenkins MD,189,2000
Daniel Smith,190,2018
Lacey Proctor,191,2006
Martin Hoffman,192,2009
Nicole Marshall,193,2001
Tammy Arnold,194,2005
Dustin Golden,195,2020
Amy Castillo,196,2002
Tracy Kennedy,197,2013
Jason Howell,198,2017
Cynthia Meyer,199,2008
Russell Chandler,200,2002
Sara Young,201,2017
Danielle Green,202,2000
Lori Randall,203,2007
Jon Moore,204,2005
Michael Stevenson,205,2009
Cole King,206,2019
Eric Gomez,207,2012
Charles Sanders,208,2003
Megan Welch,209,2009
Christian Chan,210,2017
Nicholas Moon,211,2020
Pamela Rios,212,2009
Tracy Simmons,213,2010
Kevin York,214,2010
Benjamin Carlson,215,2005
Samantha Miranda,216,2018
Linda Holmes,217,2015
Scott Ramos,218,2012
Renee Smith,219,2015
Travis Stuart,220,2012
Derek Marquez,221,2002
Kerri Mercer,222,2016
Tony Marsh,223,2011
Krista Maxwell,224,2009
Daniel Leon,225,2002
William Atkins,226,2008
Craig Murphy,227,2004
Scott Smith,228,2011
Denise Cervantes,229,2011
Juan King,230,2003
Cassandra Floyd,231,2018
Norman Fuller,232,2015
Kara Anderson,233,2012
Jennifer Noble,234,2003
Donald Mcguire,235,2013
Kimberly Wright,236,2003
Kristi Nelson,237,2008
David Martin,238,2018
Vincent Logan,239,2016
Robert Johnson,240,2016
Sarah Ford,241,2012
Michelle Dodson,242,2000
Jeremy Fischer,243,2017
Monique Martinez,244,2003
Olivia Davis,245,2013
Matthew Shelton,246,2017
Teresa Bean,247,2002
Michael Lyons,248,2018
Charles Watts,249,2002
Kevin Lutz,250,2013
Amy Reed,251,2015
Michael Glover,252,2003
Rachel Davis,253,2004
Lauren Martin,254,2014
Christina Davis,1,2002
Hunter Smith,2,2000
Jennifer Martinez,3,2014
Erik Welch,4,2014
Jane Frost,5,2002
Kristin Baker,6,2016
Catherine Giles,7,2013
Natasha Vega,8,2018
Douglas Pitts,9,2001
Chad Harris Jr.,10,2008
Sylvia Anderson,11,2006
Brenda Johnston,12,2008
Steven Clark,13,2013
Amanda Owens,14,2020
Vincent Smith,15,2000
Karen Stark,16,2014
Austin Richards,17,2005
David Snyder PhD,18,2014
Jennifer Ball,19,2014
Amanda Mata,20,2009
Gina Robertson,21,2001
Jocelyn Curtis MD,22,2003
Ariana Brown,23,2012
Rhonda Graham,24,2010
Cassandra Harris,25,2020
Shawn Rodgers,26,2017
Mckenzie Miller,27,2018
Alyssa Hoover,28,2004
Mr. Randy Torres,29,2008
Edwin Walker,30,2000
Eduardo Terry,31,2009
James Myers,32,2000
Donna Giles,33,2002
Brent Dillon,34,2011
Eric Mitchell,35,2011
Mrs. Stephanie Perez,36,2008
Tracy Leach,37,2019
Andrea Shah,38,2013
Shane Williams,39,2012
Sarah Cook,40,2004
Nathan Huffman,41,2002
Amanda Mcdonald,42,2005
Stephanie Garcia,43,2018
Jason Mann,44,2006
Christopher Sullivan,45,2009
Jason Anderson,46,2013
Sharon Avery,47,2006
Vanessa Hughes,48,2005
Kelli Smith,49,2006
Lauren Copeland,50,2018
Randall Kemp,51,2010
Adam Jones,52,2011
Joshua Rodriguez,53,2000
Maria Perry,54,2003
Diane Wilson,55,2006
Jeremy Montgomery,56,2020
David Farrell,57,2008
Christopher Moyer,58,2015
Jonathan Kim,59,2020
Sophia Villanueva,60,2013
Julian Morris DDS,61,2007
Shelby Thompson,62,2019
Melissa Cole,63,2013
Amber Dunn,64,2014
Joyce Evans,65,2016
Zachary Williams,66,2009
Annette Webb,67,2012
Lisa Leon,68,2013
Rodney Nunez,69,2020
Justin Santos,70,2000
Anthony Shaw,71,2005
Nancy Moreno,72,2017
Christopher Simmons,73,2003
Michael Singh,74,2009
Katelyn Perez,75,2015
Ashley Harris,76,2020
Brandon Gallegos,77,2009
Leslie Perez,78,2014
Michael Lindsey,79,2013
Megan Salinas,80,2020
Steven Wade,81,2011
Rachel Ramos,82,2018
Kathleen Johnson,83,2007
Molly Hodge,84,2008
Tanya Carpenter,85,2002
Mark Montoya,86,2016
Adam Cochran,87,2010
James Frank,88,2020
Larry Blackwell,89,2011
Felicia Esparza,90,2007
Amanda Richardson,91,2003
Chelsea Kelly,92,2003
Heather Nunez,93,2018
Amy West,94,2011
Kenneth Hampton,95,2001
Janice Perkins,96,2015
Kevin Jensen,97,2007
Makayla Long,98,2020
Rhonda Lowe,99,2009
Mark Soto,100,2006
Michael Wolfe,101,2020
Lisa Rodriguez,102,2015
Isaiah Lopez,103,2008
Willie Hall,104,2012
Stephen Molina,105,2014
Brian Howe,106,2016
Matthew Morgan,107,2019
Melinda Lee,108,2006
Susan Lee,109,2004
Jennifer Harris,110,2004
Jeffrey Rhodes,111,2015
Scott Bell,112,2017
Mitchell Santos,113,2015
Paul Reid,114,2012
Brittany Williamson DDS,115,2012
Emily Becker,116,2018
Jessica Lee,117,2005
Scott Adams,118,2009
Kristen Sutton,119,2003
Shirley Rogers MD,120,2005
Jill Steele,121,2016
Robert Miller,122,2015
Maria Burnett,123,2015
Sandra Everett,124,2018
Priscilla Lucas,125,2002
April Jennings,126,2019
David Martin,127,2017
Keith Khan,128,2010
Tara Walker,129,2015
Katherine Weber,130,2016
Phillip Phillips,131,2005
Donna Waters,132,2018
Joseph Burke,133,2018
Krystal Jacobs,134,2014
Karl Berg,135,2018
James Rodriguez,136,2012
Thomas Mendoza,137,2002
Jeremy Williams,138,2016
Sean Moore,139,2020
Mrs. Lauren Merritt,140,2016
Theresa Meza,141,2000
Samantha Hood,142,2008
Mark Oneill,143,2020
Justin Duran,144,2015
Amber Rodriguez,145,2011
Jennifer Ho,146,2003
Victor Powers,147,2011
David Sanders,148,2018
Scott Leonard,149,2017
Brett Wong,150,2014
Andrew Walker,151,2008
Wendy Lyons,152,2014
Travis Kennedy,153,2006
Joseph Lozano,154,2010
Sheryl Graves,155,2013
Timothy West,156,2014
Douglas Hammond,157,2000
John Watts,158,2020
Michelle Hart,159,2015
Margaret Walsh,160,2006
Mark Bates,161,2002
Melanie Anderson,162,2001
Brooke Allen,163,2003
Daniel Williams,164,2009
William Lynn,165,2018
Mary Jones,166,2003
Kelly Foster,167,2020
Dr. Gary Williams II,168,2004
Laura Davis,169,2004
Jose Jones,170,2005
Michelle Mcmahon,171,2001
Joe Roberts,172,2015
Mikayla Pennington,173,2007
Michelle Bell,174,2005
Christian Armstrong,175,2018
Daniel Benjamin,176,2009
Christina Hill,177,2020
Richard Lawson,178,2018
Larry Hill,179,2006
Deborah Delacruz,180,2008
Richard Powell PhD,181,2000
Michelle Rivas,182,2019
Alexander Baker,183,2009
Thomas Diaz,184,2018
Kristin Edwards,185,2017
Tyler Arnold,186,2000
Timothy Davis,187,2013
Francisco Jenkins,188,2005
Gina Williams,189,2007
Gregory Ramos,190,2002
Nancy Mcdonald,191,2000
Robert Schaefer,192,2006
Jonathon Quinn,193,2015
Tiffany Johnson,194,2015
Emily Mcguire,195,2016
Zachary Sanchez,196,2013
Ian Roberson,197,2016
Patricia Walker,198,2016
Roger Contreras,199,2016
Stephen Oliver,200,2015
Haley White,201,2013
David Reyes,202,2010
Neil Nguyen,203,2007
Patricia Banks,204,2017
Amy Williamson,205,2014
William Mahoney,206,2005
Danielle Hill,207,2005
Anthony Rogers,208,2012
Kevin Werner MD,209,2003
Wanda Preston,210,2012
Alexander Brewer,211,2006
Jennifer Cole,212,2003
Michelle Edwards,213,2001
Sarah Elliott,214,2002
Barbara Johnson,215,2014
Kaitlyn Mosley,216,2005
Nichole Washington,217,2006
Julie Williams,218,2011
James Hansen,219,2011
Jessica Fox,220,2019
Gregory Mccormick,221,2020
Bradley Wilkerson,222,2008
Travis Powell,223,2005
Michael Gonzalez,224,2019
Mary Blake,225,2007
Joshua Barry,226,2003
Dominique Waters,227,2016
Jacqueline Walker,228,2011
Paul Mueller,229,2008
Gilbert Rivas,230,2009
Brian King,231,2005
Christina Vega,232,2000
Nancy Simmons,233,2015
Lisa Klein,234,2000
Jason Mendoza,235,2014
Joel Williams,236,2002
Leslie Walker,237,2014
Samantha Smith,238,2005
Michael Burnett,239,2017
Jacqueline Miller,240,2009
Nicholas Merritt,241,2017
Jennifer Williams,242,2014
Jacob Henderson,243,2003
Elizabeth Powell,244,2007
Paul Kidd,245,2016
Christopher Peterson,246,2004
Maria Hunter,247,2002
Jonathon Butler,248,2019
Katherine Campos,249,2005
Susan Hernandez,250,2006
William Reynolds,251,2012
Eric Anthony,252,2004
Nicole Glass,253,2015
Rachel Trujillo,254,2017
Brendan Middleton,1,2002
Carrie Kramer,2,2002
Crystal Johnson,3,2002
Renee Snyder,4,2015
Allison Carlson,5,2004
John Pacheco III,6,2001
Jasmine Lamb,7,2017
Philip Moore,8,2012
Dennis Curry,9,2010
Brittney Kelly,10,2005
Alexander Brown,11,2008
Angela Lee,12,2012
Valerie Phillips,13,2006
Cynthia Walls,14,2001
Kim Schneider,15,2001
Charles Davis,16,2001
Jeffrey Jordan,17,2001
Michael Hernandez,18,2016
Pamela Norman,19,2001
Steven Vargas,20,2018
Laura Sims,21,2014
Kristina Woodward,22,2011
Erika Dickerson,23,2000
Jane Sandoval,24,2018
Lorraine Torres,25,2016
Robert Schmidt,26,2005
Amanda Lucas,27,2013
Donald Howell,28,2012
Alison Young MD,29,2006
Jordan Kerr,30,2002
Tonya Valencia,31,2002
Jason Foster,32,2020
Allison Perkins,33,2018
Paul Camacho,34,2018
Holly Johnson,35,2012
Joseph Anderson,36,2008
Joseph Johnson,37,2011
Mary Hernandez,38,2017
Jaime Nielsen,39,2018
Joann Valdez DDS,40,2004
Sarah Krause,41,2013
Carol Hernandez,42,2012
Gina Freeman,43,2005
Alexandra Higgins,44,2004
Nancy Johnson,45,2002
Bobby Brown,46,2013
Luke Barker,47,2008
Christopher Murphy,48,2015
Gary Anderson,49,2007
Jose Mckinney,50,2020
Nicole Anderson,51,2015
Aaron Davis,52,2014
Darlene Valenzuela,53,2019
James Glenn,54,2018
David Wilcox,55,2003
Amanda Watson,56,2012
Lisa Ayers,57,2019
Jerry Ramirez,58,2017
Roger Baxter,59,2006
Kelly King,60,2010
Mary Dorsey,61,2001
Raymond Vasquez,62,2000
Daniel Clarke,63,2001
Eric Morton,64,2016
Matthew Harris,65,2011
Kurt Garcia,66,2001
Michelle Cross,67,2015
Chloe Ochoa,68,2002
Yolanda Booker,69,2013
Christopher Williams,70,2010
Johnathan Brewer,71,2018
Jesse Clark,72,2007
Joshua Rhodes,73,2006
Jasmine Lopez,74,2009
Ian Hall,75,2013
Shawn Jones,76,2003
Stacy Smith,77,2005
John Franco,78,2011
Allison White,79,2005
Kyle Mora,80,2005
Heather Collins,81,2001
Samantha Love,82,2009
Stephanie Webster,83,2007
Sarah Cooper,84,2009
William Walker,85,2003
Sarah Perez,86,2001
Marc Simmons,87,2009
Susan Phillips,88,2019
Kathleen Mason,89,2000
John Page,90,2014
Ronald Robles,91,2006
Daniel Jarvis,92,2007
Todd Jones,93,2008
Danielle Jones,94,2003
Elizabeth Smith,95,2002
Erin Collins,96,2002
Juan Johnson,97,2009
Chad Kim,98,2015
Joshua Conley,99,2019
Nicole Smith,100,2002
Sarah Wilkinson,101,2003
Joy Cook,102,2004
Amber Davis,103,2020
Jennifer Nixon,104,2014
Grant Villegas,105,2018
Rachel Parker,106,2009
Austin Guzman,107,2017
Kyle Gibson,108,2016
Julie Phillips,109,2020
Gary Moyer,110,2020
Kenneth Wyatt,111,2013
Eric Tran,112,2005
Marcus Mcbride,113,2018
Stefanie Roberts,114,2017
Emily Martinez,115,2001
Jessica Garcia,116,2015
Pamela Hooper,117,2006
Anthony Scott,118,2020
Matthew Nelson,119,2002
Samuel Martinez,120,2012
Kathy Holmes,121,2007
Barbara Poole,122,2005
Jason Moore,123,2020
Tammy Franklin,124,2001
Denise Gonzalez,125,2020
Stephen Garcia,126,2009
Stacey Hanson,127,2007
Mario Butler,128,2018
Meagan Chambers,129,2018
Brian Higgins,130,2016
Laura Smith,131,2010
Steven Foster,132,2001
Crystal Taylor,133,2010
Amanda Anderson,134,2017
Kimberly Snyder,135,2012
Christopher Hernandez,136,2013
Jeff Gonzalez,137,2009
Leonard Wilkins,138,2008
Michelle Patton,139,2006
Robert Warren,140,2000
Terry Rodriguez,141,2012
Thomas Mcdowell,142,2009
Cassandra Beck,143,2015
Michael Johnson,144,2018
Eric Thomas,145,2001
Tammy Contreras,146,2018
William Mercado,147,2001
Kimberly Palmer,148,2004
Christopher Bennett,149,2004
Kevin Perry,150,2010
Pamela Vaughn,151,2018
Mr. Seth Obrien II,152,2004
Jillian Rich,153,2020
Thomas Valdez,154,2018
Malik Valencia,155,2009
Peter Walker,156,2018
Alicia Davis,157,2011
Dr. Elizabeth Bolton,158,2018
Maria Levine,159,2014
Shelby Ford,160,2005
Megan Martin,161,2013
Scott Lee,162,2011
Lori Jensen,163,2007
Marisa York,164,2000
Jessica Cook,165,2000
John Lynn,166,2006
Jeffrey Glenn Jr.,167,2002
Luis Perry,168,2016
Sean Peters,169,2012
Sarah Stewart,170,2017
Gary Grant,171,2015
Daniel Perez,172,2010
Lisa Robinson,173,2018
Ryan Lindsey,174,2009
Richard Davis,175,2014
Jamie Holmes,176,2001
Brian Campbell,177,2011
Mary Anderson,178,2014
Danielle Johnson,179,2014
Jordan Davis,180,2020
Timothy Stephenson,181,2012
Daniel Pearson,182,2009
Mario Jennings,183,2005
Matthew Bell Jr.,184,2007
Matthew Jones,185,2012
Samantha Houston,186,2004
Amanda Johnson,187,2015
Tyler Davis,188,2014
Richard Schroeder,189,2007
Douglas Hansen,190,2015
Roberta West,191,2002
Robert Guerrero,192,2007
Maria Stephens,193,2016
David Vaughn,194,2014
Theresa Simmons,195,2001
Katie Hernandez DDS,196,2006
Thomas Harris,197,2014
Caroline Lopez,198,2008
Desiree Leon,199,2009
James Clark,200,2017
Robert Pace,201,2000
Gabriel Roberts,202,2003
Mr. Eric Rodriguez Jr.,203,2019
Edward Gibson,204,2014
Christine Gonzalez,205,2010
Jeffrey Jennings,206,2013
Jeremy Moore,207,2017
Aaron Calderon,208,2019
Karen Webb,209,2001
Michael Rivera,210,2006
Jason Young,211,2001
Amy Smith,212,2002
Rachel Palmer,213,2008
Jeffrey Thomas,214,2003
Ryan Ruiz,215,2000
Laurie Mendoza,216,2017
David Mann,217,2014
James Peterson,218,2014
Ann Allen,219,2000
Jason Williams,220,2002
Danielle Martin,221,2004
Angel Nelson,222,2019
Nicole Maxwell,223,2009
James Atkins,224,2007
Keith Payne,225,2004
Kyle Gonzalez,226,2014
Sheri Mata,227,2002
Lisa Bailey,228,2006
Richard Williams,229,2008
Glen Watson,230,2010
Brian Bennett,231,2019
Christopher Romero,232,2020
Diane Atkinson,233,2017
Lauren Webster,234,2018
Kimberly Hall,235,2000
Brandon Melton,236,2003
Tamara Barnett,237,2017
Lisa Vincent,238,2016
Tiffany Bonilla,239,2014
Raymond Baxter,240,2011
Kristen Stanley,241,2002
Marcus Peterson,242,2012
Melissa Anderson,243,2014
Cassandra Day,244,2019
Amber Allen,245,2009
Cory Morse,246,2001
Robert Thomas,247,2018
James Ross,248,2008
Samantha Oneill,249,2011
Joshua Myers,250,2007
Donna Walton,251,2004
Katie Johnson,252,2019
Joanne Jones,253,2006
Carlos Hopkins,254,2015
